{
  "rimraf": [
    "2.6.3"
  ],
  "ora": [
    "3.4.0"
  ],
  "glob": [
    "7.1.4"
  ],
  "chalk": [
    "2.4.2"
  ],
  "fs.realpath": [
    "1.0.0"
  ],
  "once": [
    "1.4.0"
  ],
  "log-symbols": [
    "2.2.0"
  ],
  "cli-spinners": [
    "2.1.0"
  ],
  "cli-cursor": [
    "2.1.0"
  ],
  "strip-ansi": [
    "5.2.0"
  ],
  "wcwidth": [
    "1.0.1"
  ],
  "escape-string-regexp": [
    "1.0.5"
  ],
  "path-is-absolute": [
    "1.0.1"
  ],
  "inflight": [
    "1.0.6"
  ],
  "ansi-styles": [
    "3.2.1"
  ],
  "inherits": [
    "2.0.3"
  ],
  "wrappy": [
    "1.0.2"
  ],
  "supports-color": [
    "5.5.0"
  ],
  "minimatch": [
    "3.0.4"
  ],
  "restore-cursor": [
    "2.0.0"
  ],
  "ansi-regex": [
    "4.1.0"
  ],
  "defaults": [
    "1.0.3"
  ],
  "has-flag": [
    "3.0.0"
  ],
  "color-convert": [
    "1.9.3"
  ],
  "brace-expansion": [
    "1.1.11"
  ],
  "onetime": [
    "2.0.1"
  ],
  "signal-exit": [
    "3.0.2"
  ],
  "balanced-match": [
    "1.0.0"
  ],
  "clone": [
    "1.0.4"
  ],
  "color-name": [
    "1.1.3"
  ],
  "concat-map": [
    "0.0.1"
  ],
  "mimic-fn": [
    "1.2.0"
  ]
}